Rank,Sequence,Sequence_Length,Net_Charge_at_pH_7,Instability_Index,Docking_Score
1,MRPEIWIAQEWRRIWDEWNAYYARRVCCCCCCCCCC,36,0.408848932,65.41111111,-198.76
2,MRPEIWWAQELRRNGDENNAYYA,23,-1.492121167,80.2,-181.907
3,MRPEIWWAQEIRRIWDENNAYYARRVCCCCCCCCC,35,0.418749922,73.26571429,-172.6
4,MRPEIWIAQERRRIGDEWNAY,21,-0.491132166,94.9952381,-171.053
5,MRPEIWRAQELRRIGDEWNAYYARRVCCCCCCCCCCC,37,1.398937942,73.18108108,-169.576
6,MRPEIWAAQELRRIGDEWNAY,21,-1.491122166,69.73333333,-163.878
7,MRPEIWWAQELRRIGDENNAYYARRVCCCCCCCCC,35,0.418749922,73.26571429,-163.492
8,MRPEIWAAQEIRRIRDEWNAY,21,-0.491132166,69.73333333,-158.352
9,MRPEIWWAQEERRIGDEFNAYYARRKK,27,1.508671293,96.95185185,-156.237
10,MRPEIWAAQERRRIGDEFNAYYARRVCCCCC,31,1.458343883,93.69354839,-153.534
11,MRPEIWAAQELRRIGDEWNA,20,-1.490123165,72.72,-153.447
12,MRPEIWIAQELRRIWDENNAYYARRVCCCCCCC,33,0.438551902,81.65454545,-150.457
13,MRPEIWIAQEERRIGDEFNA,20,-2.487312703,88.25,-150.42
14,MRPEIWAAQERRRIGDEWNA,20,-0.490133165,91.73,-150.416
15,MRPEIWIAQERRRIWDENNAYYARRVCCCCCCCC,34,1.428640912,90.72941176,-150.175
16,MRPEIWIAQEARRIGDEWN,19,-1.490123165,73.79473684,-149.87
17,MRPEIWIAQEWRRIGDEFNAY,21,-1.491122166,61.84285714,-149.789
18,MRPEIWAAQEIRRIWDE,17,-1.484885886,85.37058824,-141.642
19,MRPEIWWAQELRRIIDENNAYYA,23,-1.492121167,81.36956522,-140.747
20,MRPEIWIAQELRRVIDEWNA,20,-1.490123165,80.235,-139.457
